GivenName;Surname;Name;DisplayName;Password;SamAccountName
Maeve;Millay;Maeve Millay;Meve Millay;Aula17+;MaeveM
Teddy;Flood;Teddy flood;Teddy flood;Aula17+;TeddyF
Dolores;Abenathy;Dolores Abenathy;Dolores Abenathy;Aula17+;DoloresA
Robert;Ford;Robert Ford;Robert Ford;Aula17+;RobertF
Hector;Escaton;Hector Escaton;Hector Escaton;Aula17+;HectorE
Jose;Rivas;Jose Rivas;Jose Rivas;Aula17+;JoseR
Rocio;Suarez;Rocio Suarez;Rocio Suarez;Aula17+;RocioS
Luis;Delgado;Luis Delgado;Luis Delgado;Aula17+;LuisD
Juan;Ordoñez;Juan Ordoñez;Juan Ordoñez;Aula17+;JuanO
Diego;Santos;Diego Santos;Diego Santos;Aula17+;DiegoS
Leo;Messi;Leo Messi;Leo Messi;Aula17+;LeoM
Julian;Arraez;Julian Arraez;Julian Arraez;Aula17+;JulianA
